{"cameraMode":{"drawMode":0,"name":"Shaded","section":"Shading Mode"},"sceneLighting":true,"audioPlay":false,"sceneViewState":{"m_AlwaysRefresh":false,"showFog":true,"showSkybox":true,"showFlares":true,"showImageEffects":true,"showParticleSystems":true,"showVisualEffectGraphs":true,"m_FxEnabled":true},"in2DMode":false,"pivot":{"x":-0.022382069379091264,"y":0.007330209016799927,"z":2.4645235538482668},"rotation":{"x":-0.5978488326072693,"y":0.001433330005966127,"z":-0.0010586255230009556,"w":-0.8016172647476196},"size":0.2351086139678955,"orthographic":false}